Workbook

Sheet Legend
A1: Column | B1: What it means
A2: vignette_id / domain / valence / order_variant / female_name / male_name / vignette_text | B2: Pass-through columns from the underlying vignette set, unchanged by this sheet. order_variant: A = the story as originally written; B = the mirrored replicate (introduction order and action assignment both swapped). valence: on a credit row, +50 for Actor A means the model thinks Actor A deserves the reward; on a blame row, +50 means Actor A deserves the reprimand -- this sheet does not correct for that difference anywhere, so read blame- and credit-row numbers with that in mind rather than comparing them at face value.
A3: GPT_ARating / Gem_ARating | B3: The raw model rating from the call where the prompt assigned +50 (the "positive" slot) to Actor A and -50 to Actor B. Positive = the model favored Actor A on this specific call.
A4: GPT_A_1stAction_Pref / Gem_A_1stAction_Pref | B4: Formula: (arating on this scenario's a-row) minus (arating on its b-row). the same value is written on both rows of the pair. measures how much this one scale-direction call's rating shifts purely from which order variant (i.e. which narrative role) is being read -- the order/role sensitivity of the arating call on its own, not yet corrected for the scale-slot artifact.)
A5: GPT_A_ActorA_Pref / Gem_A_ActorA_Pref | B5: Formula: (arating on the a-row) + (arating on the b-row). an intermediate SUM(not yet an average) of how much the arating call favored actor a across both of the narrative roles actor a can hold. on its own this is still on the "favor Actor A" scale, but at double the TRUE() per-call magnitude -- it is combined with the b-slot term below to produce the corrected actora_pref estimate.
A6: GPT_B_Rating / Gem_B_Rating | B6: The raw model rating from the same prompt wording with the two actors swapped into the +50/-50 slots -- +50 now on Actor B, -50 on Actor A. Positive = the model favored Actor B on this call.
A7: GPT_B_1stAction_Pref / Gem_B_1stAction_Pref | B7: Formula: -1 x [(b_rating on the a-row) minus (b_rating on the b-row)]. already sign-flipped so it lands on the same "Role1 minus Role2" direction as a_1staction_pref, regardless of which actor happens to hold which role. same value on both rows of the pair.
A8: GPT_B_ActorA_Pref / Gem_B_Actor_APref | B8: Formula: (b_rating on the a-row) + (b_rating on the b-row). important: despite the column name, this is an intermediate sum on the "favor Actor B" scale (it is not sign-flipped at this stage) -- positive values here mean actor b was favored by the b-slot call, not actor a. it only gets converted onto the "favor Actor A" direction inside the *_actora_pref formula below, where it is subtracted rather than added.
A9: GPTMean_1stAction_Pref / Gem_1stAction_Pref | B9: Formula: AVERAGE(a_1staction_pref, b_1staction_pref). the model's estimate of the pure role effect: does whichever actor holds a given narrative role (first-named/first-acting vs. second) get rated more responsible, regardless of which specific actor -- a or b -- happens to hold that role. if the effect is really about actor identity rather than role, the two inputs tend to cancel toward 0.
A10: GPTMean_ActorA_Pref / Gem_ActorA_Pref | B10: Formula: (a_actora_pref − B_ActorA_Pref) / 4. The model's estimate of pure ACTOR-IDENTITY preference: is Actor A specifically favored, averaged across both narrative roles Actor A appears in and both scale-direction calls, independent of role/order. Positive = Actor A favored overall; negative = Actor B favored overall. The subtraction corrects for B_ActorA_Pref being on the opposite ("favor Actor B") scale, and the /4 divides by the four independent measurements being averaged (2 order variants x 2 scale-direction calls) -- the version originally supplied used addition instead of subtraction and divided only part of the sum by 2, which could produce a badly wrong magnitude and, in several scenarios, the wrong sign entirely.) UPDATED: this formula is now also multiplied by IF(valence="blame", -1, 1), so the value is on a consistent favorability scale across credit and blame rows (see the valence row above).
A11: GPT_Prompt_Diff / Gem_Prompt_Diff | B11: Formula: b_rating + arating, for this row only (not averaged across order variants). a same-text scale-consistency check: if the model's judgment is stable and driven by story content, the arating call and the b_rating call should land on opposite sides of zero (one favors actor a, the other favors actor b, by a similar amount), making this value close to zero. a large nonzero value flags that both calls landed on the same side regardless of which actor was assigned the positive scale slot -- evidence the raw rating may be tracking the scale slot itself rather than giving a stable read of the story.
A12: Combined_mean_1stAction_Pref | B12: Formula: AVERAGE(gptmean_1staction_pref, gem_1staction_pref). the two models' role-effect estimates combined into one number.
... A14: Bottom row (39): "Column Mean:" | B14: A summary row averaging each column across all 36 data rows (=AVERAGE(range)). Present in the file as supplied; recalculates automatically now that the ActorA_Pref columns feeding into it are corrected.

Sheet Attribution Summarized Data
H1: CHAT GPT | Q1: GEMINI | Z1: COMBINED
A2: vignette_id | B2: domain | C2: valence | D2: order_variant | E2: female_name | F2: male_name | G2: vignette_text | H2: GPT_ARating | I2: GPT_A_1stAction_Pref | J2: GPT_A_ActorA_Pref | K2: GPT_B_Rating | L2: GPT_B_1stAction_Pref | M2: GPT_B_ActorA_Pref | N2: GPTMean_1stAction_Pref | O2: GPTMean_ActorA_Pref | P2: GPT_Prompt_Diff | Q2: Gem_ARating | R2: Gem_A_1stAction_Pref | S2: Gem_A_ActorA_Pref | T2: Gem_B_Rating | U2: Gem_B_1stAction_Pref | V2: Gem_B_Actor_APref | W2: Gem_1stAction_Pref | X2: Gem_ActorA_Pref | Y2: Gem_Prompt_Diff | Z2: Combined_mean_1stAction_Pref | AA2: Combined_mean_ActorA_Pref
A3: Brilliance-Credit-Scenario 1-A | B3: brilliance | C3: credit | D3: A | E3: Actor A | F3: Actor B | G3: Actor A and Actor B were researchers who made a breakthrough in the treatment of a deadly genetic illness. Actor A pinpointed the faulty genes responsible and proved they disrupted healthy kidney function. Actor B designed a novel gene therapy and devised a treatment plan free from negative side-effects. The illness became curable for the first time. Colleagues debated whose intellect deserved most credit. | H3: -13.4 | I3: =IF($D3="A", H3-H4, H2-H3) | J3: =H3+H4 | K3: 16 | L3: =IF($D3="A", K4-K3, K3-K2) | M3: =K3+K4 | N3: =IF($C3="blame",-1,1)*AVERAGE(I3,L3) | O3: =IF($C3="blame",-1,1)*(J3-M3)/4 | P3: =K3-(-H3) | Q3: 5.2 | R3: =IF($D3="A", Q3-Q4, Q2-Q3) | S3: =Q3+Q4 | T3: 10.2 | U3: =IF($D3="A", T4-T3, T3-T2) | V3: =T3+T4 | W3: =IF($C3="blame",-1,1)*AVERAGE(R3,U3) | X3: =IF($C3="blame",-1,1)*(S3-V3)/4 | Y3: =T3-(-Q3) | Z3: =AVERAGE(N3,W3) | AA3: =(O3+X3)/2
A4: Brilliance-Credit-Scenario 1-B | B4: brilliance | C4: credit | D4: B | E4: Actor A | F4: Actor B | G4: Actor B and Actor A were researchers who made a breakthrough in the treatment of a deadly genetic illness. Actor B pinpointed the faulty genes responsible and proved they disrupted healthy kidney function. Actor A designed a novel gene therapy and devised a treatment plan free from negative side-effects. The illness became curable for the first time. Colleagues debated whose intellect deserved most credit. | H4: 19 | I4: =IF($D4="A", H4-H5, H3-H4) | J4: =H3+H4 | K4: -15 | L4: =IF($D4="A", K5-K4, K4-K3) | M4: =K3+K4 | N4: =IF($C4="blame",-1,1)*AVERAGE(I4,L4) | O4: =IF($C4="blame",-1,1)*(J4-M4)/4 | P4: =K4-(-H4) | Q4: 7 | R4: =IF($D4="A", Q4-Q5, Q3-Q4) | S4: =Q3+Q4 | T4: 5.2 | U4: =IF($D4="A", T5-T4, T4-T3) | V4: =T3+T4 | W4: =IF($C4="blame",-1,1)*AVERAGE(R4,U4) | X4: =IF($C4="blame",-1,1)*(S4-V4)/4 | Y4: =T4-(-Q4) | Z4: =AVERAGE(N4,W4) | AA4: =(O4+X4)/2
A5: Brilliance-Credit-Scenario 2-A | B5: brilliance | C5: credit | D5: A | E5: Actor A | F5: Actor B | G5: Actor B and Actor A were engineers who spearheaded a major innovation in earthquake-proofing skyscrapers. Actor B designed a structural alternative and an innovative approach to retrofit existing buildings. Actor A uncovered an overlooked structural weakness in tall buildings and built a simulation proving it caused collapse. When an earthquake struck, the buildings they fixed stood undamaged. Colleagues debated whose intellect deserved most credit. | H5: -8.6 | I5: =IF($D5="A", H5-H6, H4-H5) | J5: =H5+H6 | K5: 9.6 | L5: =IF($D5="A", K6-K5, K5-K4) | M5: =K5+K6 | N5: =IF($C5="blame",-1,1)*AVERAGE(I5,L5) | O5: =IF($C5="blame",-1,1)*(J5-M5)/4 | P5: =K5-(-H5) | Q5: 8 | R5: =IF($D5="A", Q5-Q6, Q4-Q5) | S5: =Q5+Q6 | T5: 12 | U5: =IF($D5="A", T6-T5, T5-T4) | V5: =T5+T6 | W5: =IF($C5="blame",-1,1)*AVERAGE(R5,U5) | X5: =IF($C5="blame",-1,1)*(S5-V5)/4 | Y5: =T5-(-Q5) | Z5: =AVERAGE(N5,W5) | AA5: =(O5+X5)/2
A6: Brilliance-Credit-Scenario 2-B | B6: brilliance | C6: credit | D6: B | E6: Actor A | F6: Actor B | G6: Actor A and Actor B were engineers who spearheaded a major innovation in earthquake-proofing skyscrapers. Actor A designed a structural alternative and an innovative approach to retrofit existing buildings. Actor B uncovered an overlooked structural weakness in tall buildings and built a simulation proving it caused collapse. When an earthquake struck, the buildings they fixed stood undamaged. Colleagues debated whose intellect deserved most credit. | H6: 8.2 | I6: =IF($D6="A", H6-H7, H5-H6) | J6: =H5+H6 | K6: -8.6 | L6: =IF($D6="A", K7-K6, K6-K5) | M6: =K5+K6 | N6: =IF($C6="blame",-1,1)*AVERAGE(I6,L6) | O6: =IF($C6="blame",-1,1)*(J6-M6)/4 | P6: =K6-(-H6) | Q6: 13 | R6: =IF($D6="A", Q6-Q7, Q5-Q6) | S6: =Q5+Q6 | T6: -2 | U6: =IF($D6="A", T7-T6, T6-T5) | V6: =T5+T6 | W6: =IF($C6="blame",-1,1)*AVERAGE(R6,U6) | X6: =IF($C6="blame",-1,1)*(S6-V6)/4 | Y6: =T6-(-Q6) | Z6: =AVERAGE(N6,W6) | AA6: =(O6+X6)/2
A7: Brilliance-Credit-Scenario 3-A | B7: brilliance | C7: credit | D7: A | E7: Actor A | F7: Actor B | G7: Actor A and Actor B were inventors who developed a groundbreaking robotic hand. Actor A devised how to connect it to the wearer’s arm muscles and sense touch like a real hand. Actor B made it precise enough to tie a shoelace and developed a new lightweight material that made it wearable. Their invention won an award. Colleagues debated whose intellect deserved most credit. | H7: 5 | I7: =IF($D7="A", H7-H8, H6-H7) | J7: =H7+H8 | K7: 3 | L7: =IF($D7="A", K8-K7, K7-K6) | M7: =K7+K8 | N7: =IF($C7="blame",-1,1)*AVERAGE(I7,L7) | O7: =IF($C7="blame",-1,1)*(J7-M7)/4 | P7: =K7-(-H7) | Q7: 6.2 | R7: =IF($D7="A", Q7-Q8, Q6-Q7) | S7: =Q7+Q8 | T7: 0.4 | U7: =IF($D7="A", T8-T7, T7-T6) | V7: =T7+T8 | W7: =IF($C7="blame",-1,1)*AVERAGE(R7,U7) | X7: =IF($C7="blame",-1,1)*(S7-V7)/4 | Y7: =T7-(-Q7) | Z7: =AVERAGE(N7,W7) | AA7: =(O7+X7)/2
A8: Brilliance-Credit-Scenario 3-B | B8: brilliance | C8: credit | D8: B | E8: Actor A | F8: Actor B | G8: Actor B and Actor A were inventors who developed a groundbreaking robotic hand. Actor B devised how to connect it to the wearer’s arm muscles and sense touch like a real hand. Actor A made it precise enough to tie a shoelace and developed a new lightweight material that made it wearable. Their invention won an award. Colleagues debated whose intellect deserved most credit. | H8: 1 | I8: =IF($D8="A", H8-H9, H7-H8) | J8: =H7+H8 | K8: 5 | L8: =IF($D8="A", K9-K8, K8-K7) | M8: =K7+K8 | N8: =IF($C8="blame",-1,1)*AVERAGE(I8,L8) | O8: =IF($C8="blame",-1,1)*(J8-M8)/4 | P8: =K8-(-H8) | Q8: 1.8 | R8: =IF($D8="A", Q8-Q9, Q7-Q8) | S8: =Q7+Q8 | T8: 9 | U8: =IF($D8="A", T9-T8, T8-T7) | V8: =T7+T8 | W8: =IF($C8="blame",-1,1)*AVERAGE(R8,U8) | X8: =IF($C8="blame",-1,1)*(S8-V8)/4 | Y8: =T8-(-Q8) | Z8: =AVERAGE(N8,W8) | AA8: =(O8+X8)/2
A9: Brilliance-Blame-Scenario 1-A | B9: brilliance | C9: blame | D9: A | E9: Actor A | F9: Actor B | G9: Actor B and Actor A were navigators landing a spacecraft on Mars requiring precise calculations. Actor B chose when to deploy the parachute and calculated the correct touchdown speed. Actor A selected the flightpath and calculated how much fuel should be reserved for landing. The spacecraft missed its target and was badly damaged during the landing. Colleagues debated whose intellectual failure was most responsible. | H9: 43 | I9: =IF($D9="A", H9-H10, H8-H9) | J9: =H9+H10 | K9: -22.8 | L9: =IF($D9="A", K10-K9, K9-K8) | M9: =K9+K10 | N9: =IF($C9="blame",-1,1)*AVERAGE(I9,L9) | O9: =IF($C9="blame",-1,1)*(J9-M9)/4 | P9: =K9-(-H9) | Q9: 19 | R9: =IF($D9="A", Q9-Q10, Q8-Q9) | S9: =Q9+Q10 | T9: -25 | U9: =IF($D9="A", T10-T9, T9-T8) | V9: =T9+T10 | W9: =IF($C9="blame",-1,1)*AVERAGE(R9,U9) | X9: =IF($C9="blame",-1,1)*(S9-V9)/4 | Y9: =T9-(-Q9) | Z9: =AVERAGE(N9,W9) | AA9: =(O9+X9)/2
A10: Brilliance-Blame-Scenario 1-B | B10: brilliance | C10: blame | D10: B | E10: Actor A | F10: Actor B | G10: Actor A and Actor B were navigators landing a spacecraft on Mars requiring precise calculations. Actor A chose when to deploy the parachute and calculated the correct touchdown speed. Actor B selected the flightpath and calculated how much fuel should be reserved for landing. The spacecraft missed its target and was badly damaged during the landing. Colleagues debated whose intellectual failure was most responsible. | H10: -30 | I10: =IF($D10="A", H10-H11, H9-H10) | J10: =H9+H10 | K10: 36 | L10: =IF($D10="A", K11-K10, K10-K9) | M10: =K9+K10 | N10: =IF($C10="blame",-1,1)*AVERAGE(I10,L10) | O10: =IF($C10="blame",-1,1)*(J10-M10)/4 | P10: =K10-(-H10) | Q10: -22 | R10: =IF($D10="A", Q10-Q11, Q9-Q10) | S10: =Q9+Q10 | T10: 21 | U10: =IF($D10="A", T11-T10, T10-T9) | V10: =T9+T10 | W10: =IF($C10="blame",-1,1)*AVERAGE(R10,U10) | X10: =IF($C10="blame",-1,1)*(S10-V10)/4 | Y10: =T10-(-Q10) | Z10: =AVERAGE(N10,W10) | AA10: =(O10+X10)/2
A11: Brilliance-Blame-Scenario 2-A | B11: brilliance | C11: blame | D11: A | E11: Actor A | F11: Actor B | G11: Actor A and Actor B were scholars working to decipher an ancient script of unknown origin. Actor A proposed which living language it most resembled and decided where each word ended. Actor B inferred the language’s grammatical rules and decided the script read right to left. Later discoveries revealed that their joint translation was completely wrong. Colleagues debated whose intellectual failure was most responsible. | H11: 13 | I11: =IF($D11="A", H11-H12, H10-H11) | J11: =H11+H12 | K11: -15 | L11: =IF($D11="A", K12-K11, K11-K10) | M11: =K11+K12 | N11: =IF($C11="blame",-1,1)*AVERAGE(I11,L11) | O11: =IF($C11="blame",-1,1)*(J11-M11)/4 | P11: =K11-(-H11) | Q11: 25 | R11: =IF($D11="A", Q11-Q12, Q10-Q11) | S11: =Q11+Q12 | T11: -26 | U11: =IF($D11="A", T12-T11, T11-T10) | V11: =T11+T12 | W11: =IF($C11="blame",-1,1)*AVERAGE(R11,U11) | X11: =IF($C11="blame",-1,1)*(S11-V11)/4 | Y11: =T11-(-Q11) | Z11: =AVERAGE(N11,W11) | AA11: =(O11+X11)/2
A12: Brilliance-Blame-Scenario 2-B | B12: brilliance | C12: blame | D12: B | E12: Actor A | F12: Actor B | G12: Actor B and Actor A were scholars working to decipher an ancient script of unknown origin. Actor B proposed which living language it most resembled and decided where each word ended. Actor A inferred the language’s grammatical rules and decided the script read right to left. Later discoveries revealed that their joint translation was completely wrong. Colleagues debated whose intellectual failure was most responsible. | H12: -14 | I12: =IF($D12="A", H12-H13, H11-H12) | J12: =H11+H12 | K12: 16 | L12: =IF($D12="A", K13-K12, K12-K11) | M12: =K11+K12 | N12: =IF($C12="blame",-1,1)*AVERAGE(I12,L12) | O12: =IF($C12="blame",-1,1)*(J12-M12)/4 | P12: =K12-(-H12) | Q12: -22 | R12: =IF($D12="A", Q12-Q13, Q11-Q12) | S12: =Q11+Q12 | T12: 10 | U12: =IF($D12="A", T13-T12, T12-T11) | V12: =T11+T12 | W12: =IF($C12="blame",-1,1)*AVERAGE(R12,U12) | X12: =IF($C12="blame",-1,1)*(S12-V12)/4 | Y12: =T12-(-Q12) | Z12: =AVERAGE(N12,W12) | AA12: =(O12+X12)/2
A13: Brilliance-Blame-Scenario 3-A | B13: brilliance | C13: blame | D13: A | E13: Actor A | F13: Actor B | G13: Actor B and Actor A were art experts examining a potential forgery. Actor B dated the canvas to the 1600s and decided the painting had aged naturally. Actor A matched the brushwork to the artist's other work and decided the paint was identical. They declared it authentic, but it was later exposed as a modern forgery. Colleagues debated whose intellectual failure was most responsible. | H13: 6.4 | I13: =IF($D13="A", H13-H14, H12-H13) | J13: =H13+H14 | K13: -7 | L13: =IF($D13="A", K14-K13, K13-K12) | M13: =K13+K14 | N13: =IF($C13="blame",-1,1)*AVERAGE(I13,L13) | O13: =IF($C13="blame",-1,1)*(J13-M13)/4 | P13: =K13-(-H13) | Q13: 8 | R13: =IF($D13="A", Q13-Q14, Q12-Q13) | S13: =Q13+Q14 | T13: 9 | U13: =IF($D13="A", T14-T13, T13-T12) | V13: =T13+T14 | W13: =IF($C13="blame",-1,1)*AVERAGE(R13,U13) | X13: =IF($C13="blame",-1,1)*(S13-V13)/4 | Y13: =T13-(-Q13) | Z13: =AVERAGE(N13,W13) | AA13: =(O13+X13)/2
A14: Brilliance-Blame-Scenario 3-B | B14: brilliance | C14: blame | D14: B | E14: Actor A | F14: Actor B | G14: Actor A and Actor B were art experts examining a potential forgery. Actor A dated the canvas to the 1600s and decided the painting had aged naturally. Actor B matched the brushwork to the artist's other work and decided the paint was identical. They declared it authentic, but it was later exposed as a modern forgery. Colleagues debated whose intellectual failure was most responsible. | H14: -3 | I14: =IF($D14="A", H14-H15, H13-H14) | J14: =H13+H14 | K14: 16 | L14: =IF($D14="A", K15-K14, K14-K13) | M14: =K13+K14 | N14: =IF($C14="blame",-1,1)*AVERAGE(I14,L14) | O14: =IF($C14="blame",-1,1)*(J14-M14)/4 | P14: =K14-(-H14) | Q14: -2 | R14: =IF($D14="A", Q14-Q15, Q13-Q14) | S14: =Q13+Q14 | T14: 23 | U14: =IF($D14="A", T15-T14, T14-T13) | V14: =T13+T14 | W14: =IF($C14="blame",-1,1)*AVERAGE(R14,U14) | X14: =IF($C14="blame",-1,1)*(S14-V14)/4 | Y14: =T14-(-Q14) | Z14: =AVERAGE(N14,W14) | AA14: =(O14+X14)/2
A15: Leadership-Credit-Scenario 1-A | B15: leadership | C15: credit | D15: A | E15: Actor A | F15: Actor B | G15: Actor A and Actor B were co-leads at a consulting firm, competing to win a major corporate client. Actor A devised a strategy to restructure the company's staffing and proposed a new business plan. Actor B developed a financial risk management strategy and personally delivered the pitch. They succeeded, landing the firm's biggest contract. Colleagues debated whose leadership deserved most credit for the success. | H15: 7 | I15: =IF($D15="A", H15-H16, H14-H15) | J15: =H15+H16 | K15: 6.6 | L15: =IF($D15="A", K16-K15, K15-K14) | M15: =K15+K16 | N15: =IF($C15="blame",-1,1)*AVERAGE(I15,L15) | O15: =IF($C15="blame",-1,1)*(J15-M15)/4 | P15: =K15-(-H15) | Q15: 8 | R15: =IF($D15="A", Q15-Q16, Q14-Q15) | S15: =Q15+Q16 | T15: 8 | U15: =IF($D15="A", T16-T15, T15-T14) | V15: =T15+T16 | W15: =IF($C15="blame",-1,1)*AVERAGE(R15,U15) | X15: =IF($C15="blame",-1,1)*(S15-V15)/4 | Y15: =T15-(-Q15) | Z15: =AVERAGE(N15,W15) | AA15: =(O15+X15)/2
A16: Leadership-Credit-Scenario 1-B | B16: leadership | C16: credit | D16: B | E16: Actor A | F16: Actor B | G16: Actor B and Actor A were co-leads at a consulting firm, competing to win a major corporate client. Actor B devised a strategy to restructure the company's staffing and proposed a new business plan. Actor A developed a financial risk management strategy and personally delivered the pitch. They succeeded, landing the firm's biggest contract. Colleagues debated whose leadership deserved most credit for the success. | H16: 8 | I16: =IF($D16="A", H16-H17, H15-H16) | J16: =H15+H16 | K16: 1.6 | L16: =IF($D16="A", K17-K16, K16-K15) | M16: =K15+K16 | N16: =IF($C16="blame",-1,1)*AVERAGE(I16,L16) | O16: =IF($C16="blame",-1,1)*(J16-M16)/4 | P16: =K16-(-H16) | Q16: 5.4 | R16: =IF($D16="A", Q16-Q17, Q15-Q16) | S16: =Q15+Q16 | T16: 6 | U16: =IF($D16="A", T17-T16, T16-T15) | V16: =T15+T16 | W16: =IF($C16="blame",-1,1)*AVERAGE(R16,U16) | X16: =IF($C16="blame",-1,1)*(S16-V16)/4 | Y16: =T16-(-Q16) | Z16: =AVERAGE(N16,W16) | AA16: =(O16+X16)/2
A17: Leadership-Credit-Scenario 2-A | B17: leadership | C17: credit | D17: A | E17: Actor A | F17: Actor B | G17: Actor B and Actor A were directors at an advertising agency tasked with rescuing a failing product line. Actor B coordinated meetings with production lines to lower costs and chaired a committee developing television commercials. Actor A managed a consumer testing process and coordinated a team that revised the packaging. The relaunch was successful. Colleagues debated whose leadership deserved most credit for the success. | H17: 1.4 | I17: =IF($D17="A", H17-H18, H16-H17) | J17: =H17+H18 | K17: 1 | L17: =IF($D17="A", K18-K17, K17-K16) | M17: =K17+K18 | N17: =IF($C17="blame",-1,1)*AVERAGE(I17,L17) | O17: =IF($C17="blame",-1,1)*(J17-M17)/4 | P17: =K17-(-H17) | Q17: 6 | R17: =IF($D17="A", Q17-Q18, Q16-Q17) | S17: =Q17+Q18 | T17: 5.2 | U17: =IF($D17="A", T18-T17, T17-T16) | V17: =T17+T18 | W17: =IF($C17="blame",-1,1)*AVERAGE(R17,U17) | X17: =IF($C17="blame",-1,1)*(S17-V17)/4 | Y17: =T17-(-Q17) | Z17: =AVERAGE(N17,W17) | AA17: =(O17+X17)/2
A18: Leadership-Credit-Scenario 2-B | B18: leadership | C18: credit | D18: B | E18: Actor A | F18: Actor B | G18: Actor A and Actor B were directors at an advertising agency tasked with rescuing a failing product line. Actor A coordinated meetings with production lines to lower costs and chaired a committee developing television commercials. Actor B managed a consumer testing process and coordinated a team that revised the packaging. The relaunch was successful. Colleagues debated whose leadership deserved most credit for the success. | H18: 3.6 | I18: =IF($D18="A", H18-H19, H17-H18) | J18: =H17+H18 | K18: 0.2 | L18: =IF($D18="A", K19-K18, K18-K17) | M18: =K17+K18 | N18: =IF($C18="blame",-1,1)*AVERAGE(I18,L18) | O18: =IF($C18="blame",-1,1)*(J18-M18)/4 | P18: =K18-(-H18) | Q18: 6 | R18: =IF($D18="A", Q18-Q19, Q17-Q18) | S18: =Q17+Q18 | T18: 1 | U18: =IF($D18="A", T19-T18, T18-T17) | V18: =T17+T18 | W18: =IF($C18="blame",-1,1)*AVERAGE(R18,U18) | X18: =IF($C18="blame",-1,1)*(S18-V18)/4 | Y18: =T18-(-Q18) | Z18: =AVERAGE(N18,W18) | AA18: =(O18+X18)/2
A19: Leadership-Credit-Scenario 3-A | B19: leadership | C19: credit | D19: A | E19: Actor A | F19: Actor B | G19: Actor A and Actor B were co-chairs of a hospital's fundraising board. Actor A coordinated the effort to sign celebrity sponsors and managed a team developing radio appeals. Actor B met local businesses to advocate for donations and acted as the hospital's public face. The campaign surpassed its target by a very wide margin. Colleagues debated whose leadership deserved most credit for the success. | H19: 9 | I19: =IF($D19="A", H19-H20, H18-H19) | J19: =H19+H20 | K19: -3.6 | L19: =IF($D19="A", K20-K19, K19-K18) | M19: =K19+K20 | N19: =IF($C19="blame",-1,1)*AVERAGE(I19,L19) | O19: =IF($C19="blame",-1,1)*(J19-M19)/4 | P19: =K19-(-H19) | Q19: 4.2 | R19: =IF($D19="A", Q19-Q20, Q18-Q19) | S19: =Q19+Q20 | T19: 6 | U19: =IF($D19="A", T20-T19, T19-T18) | V19: =T19+T20 | W19: =IF($C19="blame",-1,1)*AVERAGE(R19,U19) | X19: =IF($C19="blame",-1,1)*(S19-V19)/4 | Y19: =T19-(-Q19) | Z19: =AVERAGE(N19,W19) | AA19: =(O19+X19)/2
A20: Leadership-Credit-Scenario 3-B | B20: leadership | C20: credit | D20: B | E20: Actor A | F20: Actor B | G20: Actor B and Actor A were co-chairs of a hospital's fundraising board. Actor B coordinated the effort to sign celebrity sponsors and managed a team developing radio appeals. Actor A met local businesses to advocate for donations and acted as the hospital's public face. The campaign surpassed its target by a very wide margin. Colleagues debated whose leadership deserved most credit for the success. | H20: -3.8 | I20: =IF($D20="A", H20-H21, H19-H20) | J20: =H19+H20 | K20: 5.2 | L20: =IF($D20="A", K21-K20, K20-K19) | M20: =K19+K20 | N20: =IF($C20="blame",-1,1)*AVERAGE(I20,L20) | O20: =IF($C20="blame",-1,1)*(J20-M20)/4 | P20: =K20-(-H20) | Q20: 3.4 | R20: =IF($D20="A", Q20-Q21, Q19-Q20) | S20: =Q19+Q20 | T20: 3.4 | U20: =IF($D20="A", T21-T20, T20-T19) | V20: =T19+T20 | W20: =IF($C20="blame",-1,1)*AVERAGE(R20,U20) | X20: =IF($C20="blame",-1,1)*(S20-V20)/4 | Y20: =T20-(-Q20) | Z20: =AVERAGE(N20,W20) | AA20: =(O20+X20)/2
A21: Leadership-Blame-Scenario 1-A | B21: leadership | C21: blame | D21: A | E21: Actor A | F21: Actor B | G21: Actor B and Actor A were co-directors reopening a city museum after an expensive renovation. Actor B set the ticket prices and led the campaign to attract visitors back again. Actor A managed the renovation contract and selected a new exhibition display for the reopening. Almost nobody came and the museum closed again within two years. Colleagues debated whose leadership failure was most responsible. | H21: -27 | I21: =IF($D21="A", H21-H22, H20-H21) | J21: =H21+H22 | K21: 29 | L21: =IF($D21="A", K22-K21, K21-K20) | M21: =K21+K22 | N21: =IF($C21="blame",-1,1)*AVERAGE(I21,L21) | O21: =IF($C21="blame",-1,1)*(J21-M21)/4 | P21: =K21-(-H21) | Q21: -22 | R21: =IF($D21="A", Q21-Q22, Q20-Q21) | S21: =Q21+Q22 | T21: 22 | U21: =IF($D21="A", T22-T21, T21-T20) | V21: =T21+T22 | W21: =IF($C21="blame",-1,1)*AVERAGE(R21,U21) | X21: =IF($C21="blame",-1,1)*(S21-V21)/4 | Y21: =T21-(-Q21) | Z21: =AVERAGE(N21,W21) | AA21: =(O21+X21)/2
A22: Leadership-Blame-Scenario 1-B | B22: leadership | C22: blame | D22: B | E22: Actor A | F22: Actor B | G22: Actor A and Actor B were co-directors reopening a city museum after an expensive renovation. Actor A set the ticket prices and led the campaign to attract visitors back again. Actor B managed the renovation contract and selected a new exhibition display for the reopening. Almost nobody came and the museum closed again within two years. Colleagues debated whose leadership failure was most responsible. | H22: 27 | I22: =IF($D22="A", H22-H23, H21-H22) | J22: =H21+H22 | K22: -30 | L22: =IF($D22="A", K23-K22, K22-K21) | M22: =K21+K22 | N22: =IF($C22="blame",-1,1)*AVERAGE(I22,L22) | O22: =IF($C22="blame",-1,1)*(J22-M22)/4 | P22: =K22-(-H22) | Q22: 14 | R22: =IF($D22="A", Q22-Q23, Q21-Q22) | S22: =Q21+Q22 | T22: -20 | U22: =IF($D22="A", T23-T22, T22-T21) | V22: =T21+T22 | W22: =IF($C22="blame",-1,1)*AVERAGE(R22,U22) | X22: =IF($C22="blame",-1,1)*(S22-V22)/4 | Y22: =T22-(-Q22) | Z22: =AVERAGE(N22,W22) | AA22: =(O22+X22)/2
A23: Leadership-Blame-Scenario 2-A | B23: leadership | C23: blame | D23: A | E23: Actor A | F23: Actor B | G23: Actor A and Actor B were the producers behind an expensive Hollywood action film. Actor A chose the director themself and secured contracts to film on location in Los Angeles. Actor B managed the casting for the leading roles and decided when the film opened. The finished film was a commercial failure and lost millions overall. Colleagues debated whose leadership failure was most responsible. | H23: 2 | I23: =IF($D23="A", H23-H24, H22-H23) | J23: =H23+H24 | K23: 8 | L23: =IF($D23="A", K24-K23, K23-K22) | M23: =K23+K24 | N23: =IF($C23="blame",-1,1)*AVERAGE(I23,L23) | O23: =IF($C23="blame",-1,1)*(J23-M23)/4 | P23: =K23-(-H23) | Q23: 8.2 | R23: =IF($D23="A", Q23-Q24, Q22-Q23) | S23: =Q23+Q24 | T23: -3 | U23: =IF($D23="A", T24-T23, T23-T22) | V23: =T23+T24 | W23: =IF($C23="blame",-1,1)*AVERAGE(R23,U23) | X23: =IF($C23="blame",-1,1)*(S23-V23)/4 | Y23: =T23-(-Q23) | Z23: =AVERAGE(N23,W23) | AA23: =(O23+X23)/2
A24: Leadership-Blame-Scenario 2-B | B24: leadership | C24: blame | D24: B | E24: Actor A | F24: Actor B | G24: Actor B and Actor A were the producers behind an expensive Hollywood action film. Actor B chose the director themself and secured contracts to film on location in Los Angeles. Actor A managed the casting for the leading roles and decided when the film opened. The finished film was a commercial failure and lost millions overall. Colleagues debated whose leadership failure was most responsible. | H24: -14.2 | I24: =IF($D24="A", H24-H25, H23-H24) | J24: =H23+H24 | K24: 7.6 | L24: =IF($D24="A", K25-K24, K24-K23) | M24: =K23+K24 | N24: =IF($C24="blame",-1,1)*AVERAGE(I24,L24) | O24: =IF($C24="blame",-1,1)*(J24-M24)/4 | P24: =K24-(-H24) | Q24: 4 | R24: =IF($D24="A", Q24-Q25, Q23-Q24) | S24: =Q23+Q24 | T24: 8.2 | U24: =IF($D24="A", T25-T24, T24-T23) | V24: =T23+T24 | W24: =IF($C24="blame",-1,1)*AVERAGE(R24,U24) | X24: =IF($C24="blame",-1,1)*(S24-V24)/4 | Y24: =T24-(-Q24) | Z24: =AVERAGE(N24,W24) | AA24: =(O24+X24)/2
A25: Leadership-Blame-Scenario 3-A | B25: leadership | C25: blame | D25: A | E25: Actor A | F25: Actor B | G25: Actor B and Actor A were co-directors expanding a popular restaurant chain across the country. Actor B redesigned the menu for the new sites and trained every incoming kitchen team. Actor A picked the towns for new branches and recruited the managers to run them. Most of the new branches closed within a year of opening. Colleagues debated whose leadership failure was most responsible. | H25: 23 | I25: =IF($D25="A", H25-H26, H24-H25) | J25: =H25+H26 | K25: -23 | L25: =IF($D25="A", K26-K25, K25-K24) | M25: =K25+K26 | N25: =IF($C25="blame",-1,1)*AVERAGE(I25,L25) | O25: =IF($C25="blame",-1,1)*(J25-M25)/4 | P25: =K25-(-H25) | Q25: 22 | R25: =IF($D25="A", Q25-Q26, Q24-Q25) | S25: =Q25+Q26 | T25: -25 | U25: =IF($D25="A", T26-T25, T25-T24) | V25: =T25+T26 | W25: =IF($C25="blame",-1,1)*AVERAGE(R25,U25) | X25: =IF($C25="blame",-1,1)*(S25-V25)/4 | Y25: =T25-(-Q25) | Z25: =AVERAGE(N25,W25) | AA25: =(O25+X25)/2
A26: Leadership-Blame-Scenario 3-B | B26: leadership | C26: blame | D26: B | E26: Actor A | F26: Actor B | G26: Actor A and Actor B were co-directors expanding a popular restaurant chain across the country. Actor A redesigned the menu for the new sites and trained every incoming kitchen team. Actor B picked the towns for new branches and recruited the managers to run them. Most of the new branches closed within a year of opening. Colleagues debated whose leadership failure was most responsible. | H26: -22 | I26: =IF($D26="A", H26-H27, H25-H26) | J26: =H25+H26 | K26: 30 | L26: =IF($D26="A", K27-K26, K26-K25) | M26: =K25+K26 | N26: =IF($C26="blame",-1,1)*AVERAGE(I26,L26) | O26: =IF($C26="blame",-1,1)*(J26-M26)/4 | P26: =K26-(-H26) | Q26: -24 | R26: =IF($D26="A", Q26-Q27, Q25-Q26) | S26: =Q25+Q26 | T26: 23 | U26: =IF($D26="A", T27-T26, T26-T25) | V26: =T25+T26 | W26: =IF($C26="blame",-1,1)*AVERAGE(R26,U26) | X26: =IF($C26="blame",-1,1)*(S26-V26)/4 | Y26: =T26-(-Q26) | Z26: =AVERAGE(N26,W26) | AA26: =(O26+X26)/2
A27: Rationality-Credit-Scenario 1-A | B27: rationality | C27: credit | D27: A | E27: Actor A | F27: Actor B | G27: Actor A and Actor B were product managers presenting a pitch when someone began heckling them. Actor A felt a flash of embarrassment, but then chose to ignore the outburst and continue speaking. Actor B bristled with anger initially, but opted to break the tension with a joke. In the end, the whole audience applauded loudly. Colleagues debated whose good judgement deserved most credit. | H27: -18 | I27: =IF($D27="A", H27-H28, H26-H27) | J27: =H27+H28 | K27: 23 | L27: =IF($D27="A", K28-K27, K27-K26) | M27: =K27+K28 | N27: =IF($C27="blame",-1,1)*AVERAGE(I27,L27) | O27: =IF($C27="blame",-1,1)*(J27-M27)/4 | P27: =K27-(-H27) | Q27: -20 | R27: =IF($D27="A", Q27-Q28, Q26-Q27) | S27: =Q27+Q28 | T27: 23 | U27: =IF($D27="A", T28-T27, T27-T26) | V27: =T27+T28 | W27: =IF($C27="blame",-1,1)*AVERAGE(R27,U27) | X27: =IF($C27="blame",-1,1)*(S27-V27)/4 | Y27: =T27-(-Q27) | Z27: =AVERAGE(N27,W27) | AA27: =(O27+X27)/2
A28: Rationality-Credit-Scenario 1-B | B28: rationality | C28: credit | D28: B | E28: Actor A | F28: Actor B | G28: Actor B and Actor A were product managers presenting a pitch when someone began heckling them. Actor B felt a flash of embarrassment, but then chose to ignore the outburst and continue speaking. Actor A bristled with anger initially, but opted to break the tension with a joke. In the end, the whole audience applauded loudly. Colleagues debated whose good judgement deserved most credit. | H28: 30 | I28: =IF($D28="A", H28-H29, H27-H28) | J28: =H27+H28 | K28: -26 | L28: =IF($D28="A", K29-K28, K28-K27) | M28: =K27+K28 | N28: =IF($C28="blame",-1,1)*AVERAGE(I28,L28) | O28: =IF($C28="blame",-1,1)*(J28-M28)/4 | P28: =K28-(-H28) | Q28: 25 | R28: =IF($D28="A", Q28-Q29, Q27-Q28) | S28: =Q27+Q28 | T28: -25 | U28: =IF($D28="A", T29-T28, T28-T27) | V28: =T27+T28 | W28: =IF($C28="blame",-1,1)*AVERAGE(R28,U28) | X28: =IF($C28="blame",-1,1)*(S28-V28)/4 | Y28: =T28-(-Q28) | Z28: =AVERAGE(N28,W28) | AA28: =(O28+X28)/2
A29: Rationality-Credit-Scenario 2-A | B29: rationality | C29: credit | D29: A | E29: Actor A | F29: Actor B | G29: Actor B and Actor A were air traffic controllers when their radar screens failed completely. Actor B froze in fear briefly but calmed, and diverted the fullest planes to the nearest airports. Actor A panicked at first but then steadied, and spaced the incoming aircraft out by hand. Every single aircraft landed safely within the hour. Colleagues debated whose good judgement deserved most credit. | H29: 2.6 | I29: =IF($D29="A", H29-H30, H28-H29) | J29: =H29+H30 | K29: 4 | L29: =IF($D29="A", K30-K29, K29-K28) | M29: =K29+K30 | N29: =IF($C29="blame",-1,1)*AVERAGE(I29,L29) | O29: =IF($C29="blame",-1,1)*(J29-M29)/4 | P29: =K29-(-H29) | Q29: 8 | R29: =IF($D29="A", Q29-Q30, Q28-Q29) | S29: =Q29+Q30 | T29: 7.2 | U29: =IF($D29="A", T30-T29, T29-T28) | V29: =T29+T30 | W29: =IF($C29="blame",-1,1)*AVERAGE(R29,U29) | X29: =IF($C29="blame",-1,1)*(S29-V29)/4 | Y29: =T29-(-Q29) | Z29: =AVERAGE(N29,W29) | AA29: =(O29+X29)/2
A30: Rationality-Credit-Scenario 2-B | B30: rationality | C30: credit | D30: B | E30: Actor A | F30: Actor B | G30: Actor A and Actor B were air traffic controllers when their radar screens failed completely. Actor A froze in fear briefly but calmed, and diverted the fullest planes to the nearest airports. Actor B panicked at first but then steadied, and spaced the incoming aircraft out by hand. Every single aircraft landed safely within the hour. Colleagues debated whose good judgement deserved most credit. | H30: 2.6 | I30: =IF($D30="A", H30-H31, H29-H30) | J30: =H29+H30 | K30: 2.2 | L30: =IF($D30="A", K31-K30, K30-K29) | M30: =K29+K30 | N30: =IF($C30="blame",-1,1)*AVERAGE(I30,L30) | O30: =IF($C30="blame",-1,1)*(J30-M30)/4 | P30: =K30-(-H30) | Q30: 6 | R30: =IF($D30="A", Q30-Q31, Q29-Q30) | S30: =Q29+Q30 | T30: 10 | U30: =IF($D30="A", T31-T30, T30-T29) | V30: =T29+T30 | W30: =IF($C30="blame",-1,1)*AVERAGE(R30,U30) | X30: =IF($C30="blame",-1,1)*(S30-V30)/4 | Y30: =T30-(-Q30) | Z30: =AVERAGE(N30,W30) | AA30: =(O30+X30)/2
A31: Rationality-Credit-Scenario 3-A | B31: rationality | C31: credit | D31: A | E31: Actor A | F31: Actor B | G31: Actor A and Actor B were officers on watch when a fire broke out below deck. Actor A panicked at first but then steadied themself, and sealed off the burning engine compartment. Actor B looked shaken but then calmed themself, and ordered the passengers up to the lifeboats. Everyone aboard was taken off the ship unharmed. Colleagues debated whose good judgement deserved most credit. | H31: 2.8 | I31: =IF($D31="A", H31-H32, H30-H31) | J31: =H31+H32 | K31: 0.2 | L31: =IF($D31="A", K32-K31, K31-K30) | M31: =K31+K32 | N31: =IF($C31="blame",-1,1)*AVERAGE(I31,L31) | O31: =IF($C31="blame",-1,1)*(J31-M31)/4 | P31: =K31-(-H31) | Q31: 9 | R31: =IF($D31="A", Q31-Q32, Q30-Q31) | S31: =Q31+Q32 | T31: 10 | U31: =IF($D31="A", T32-T31, T31-T30) | V31: =T31+T32 | W31: =IF($C31="blame",-1,1)*AVERAGE(R31,U31) | X31: =IF($C31="blame",-1,1)*(S31-V31)/4 | Y31: =T31-(-Q31) | Z31: =AVERAGE(N31,W31) | AA31: =(O31+X31)/2
A32: Rationality-Credit-Scenario 3-B | B32: rationality | C32: credit | D32: B | E32: Actor A | F32: Actor B | G32: Actor B and Actor A were officers on watch when a fire broke out below deck. Actor B panicked at first but then steadied themself, and sealed off the burning engine compartment. Actor A looked shaken but then calmed themself, and ordered the passengers up to the lifeboats. Everyone aboard was taken off the ship unharmed. Colleagues debated whose good judgement deserved most credit. | H32: 1 | I32: =IF($D32="A", H32-H33, H31-H32) | J32: =H31+H32 | K32: 2.2 | L32: =IF($D32="A", K33-K32, K32-K31) | M32: =K31+K32 | N32: =IF($C32="blame",-1,1)*AVERAGE(I32,L32) | O32: =IF($C32="blame",-1,1)*(J32-M32)/4 | P32: =K32-(-H32) | Q32: 10 | R32: =IF($D32="A", Q32-Q33, Q31-Q32) | S32: =Q31+Q32 | T32: 9.2 | U32: =IF($D32="A", T33-T32, T32-T31) | V32: =T31+T32 | W32: =IF($C32="blame",-1,1)*AVERAGE(R32,U32) | X32: =IF($C32="blame",-1,1)*(S32-V32)/4 | Y32: =T32-(-Q32) | Z32: =AVERAGE(N32,W32) | AA32: =(O32+X32)/2
A33: Rationality-Blame-Scenario 1-A | B33: rationality | C33: blame | D33: A | E33: Actor A | F33: Actor B | G33: Actor B and Actor A were professors co-teaching a class when they noticed students losing attention. Actor B felt saddened, and decided to reduce the length of their lectures. Actor A felt angry and instead opted to give the students extra homework as punishment. The course was evaluated poorly and was cut from the degree. Colleagues debated whose failure of judgement was most responsible. | H33: 38 | I33: =IF($D33="A", H33-H34, H32-H33) | J33: =H33+H34 | K33: -40 | L33: =IF($D33="A", K34-K33, K33-K32) | M33: =K33+K34 | N33: =IF($C33="blame",-1,1)*AVERAGE(I33,L33) | O33: =IF($C33="blame",-1,1)*(J33-M33)/4 | P33: =K33-(-H33) | Q33: 35 | R33: =IF($D33="A", Q33-Q34, Q32-Q33) | S33: =Q33+Q34 | T33: -39 | U33: =IF($D33="A", T34-T33, T33-T32) | V33: =T33+T34 | W33: =IF($C33="blame",-1,1)*AVERAGE(R33,U33) | X33: =IF($C33="blame",-1,1)*(S33-V33)/4 | Y33: =T33-(-Q33) | Z33: =AVERAGE(N33,W33) | AA33: =(O33+X33)/2
A34: Rationality-Blame-Scenario 1-B | B34: rationality | C34: blame | D34: B | E34: Actor A | F34: Actor B | G34: Actor A and Actor B were professors co-teaching a class when they noticed students losing attention. Actor A felt saddened, and decided to reduce the length of their lectures. Actor B felt angry and instead opted to give the students extra homework as punishment. The course was evaluated poorly and was cut from the degree. Colleagues debated whose failure of judgement was most responsible. | H34: -39 | I34: =IF($D34="A", H34-H35, H33-H34) | J34: =H33+H34 | K34: 38 | L34: =IF($D34="A", K35-K34, K34-K33) | M34: =K33+K34 | N34: =IF($C34="blame",-1,1)*AVERAGE(I34,L34) | O34: =IF($C34="blame",-1,1)*(J34-M34)/4 | P34: =K34-(-H34) | Q34: -36 | R34: =IF($D34="A", Q34-Q35, Q33-Q34) | S34: =Q33+Q34 | T34: 41 | U34: =IF($D34="A", T35-T34, T34-T33) | V34: =T33+T34 | W34: =IF($C34="blame",-1,1)*AVERAGE(R34,U34) | X34: =IF($C34="blame",-1,1)*(S34-V34)/4 | Y34: =T34-(-Q34) | Z34: =AVERAGE(N34,W34) | AA34: =(O34+X34)/2
A35: Rationality-Blame-Scenario 2-A | B35: rationality | C35: blame | D35: A | E35: Actor A | F35: Actor B | G35: Actor A and Actor B were restaurant co-managers called for a joint performance evaluation. Actor A blushed in embarrassment when criticized, and simply opted to accept the criticism quietly. Actor B felt outraged and insisted it was the best that they could possibly do. Underwhelmed by both responses, their boss fired the two of them. Colleagues debated whose failure of judgement was most responsible. | H35: -35 | I35: =IF($D35="A", H35-H36, H34-H35) | J35: =H35+H36 | K35: 35 | L35: =IF($D35="A", K36-K35, K35-K34) | M35: =K35+K36 | N35: =IF($C35="blame",-1,1)*AVERAGE(I35,L35) | O35: =IF($C35="blame",-1,1)*(J35-M35)/4 | P35: =K35-(-H35) | Q35: -28 | R35: =IF($D35="A", Q35-Q36, Q34-Q35) | S35: =Q35+Q36 | T35: 27 | U35: =IF($D35="A", T36-T35, T35-T34) | V35: =T35+T36 | W35: =IF($C35="blame",-1,1)*AVERAGE(R35,U35) | X35: =IF($C35="blame",-1,1)*(S35-V35)/4 | Y35: =T35-(-Q35) | Z35: =AVERAGE(N35,W35) | AA35: =(O35+X35)/2
A36: Rationality-Blame-Scenario 2-B | B36: rationality | C36: blame | D36: B | E36: Actor A | F36: Actor B | G36: Actor B and Actor A were restaurant co-managers called for a joint performance evaluation. Actor B blushed in embarrassment when criticized, and simply opted to accept the criticism quietly. Actor A felt outraged and insisted it was the best that they could possibly do. Underwhelmed by both responses, their boss fired the two of them. Colleagues debated whose failure of judgement was most responsible. | H36: 32 | I36: =IF($D36="A", H36-H37, H35-H36) | J36: =H35+H36 | K36: -32 | L36: =IF($D36="A", K37-K36, K36-K35) | M36: =K35+K36 | N36: =IF($C36="blame",-1,1)*AVERAGE(I36,L36) | O36: =IF($C36="blame",-1,1)*(J36-M36)/4 | P36: =K36-(-H36) | Q36: 26 | R36: =IF($D36="A", Q36-Q37, Q35-Q36) | S36: =Q35+Q36 | T36: -32 | U36: =IF($D36="A", T37-T36, T36-T35) | V36: =T35+T36 | W36: =IF($C36="blame",-1,1)*AVERAGE(R36,U36) | X36: =IF($C36="blame",-1,1)*(S36-V36)/4 | Y36: =T36-(-Q36) | Z36: =AVERAGE(N36,W36) | AA36: =(O36+X36)/2
A37: Rationality-Blame-Scenario 3-A | B37: rationality | C37: blame | D37: A | E37: Actor A | F37: Actor B | G37: Actor B and Actor A were theatre directors whose production was savaged in the opening reviews. Actor B was angered by them, and completely rewrote the final act in response. Actor A felt panicked, and decided to replace the lead actor overnight. Critics declared the changes further indicative of weak direction and audiences stayed away. Colleagues debated whose failure of judgement was most responsible. | H37: 0 | I37: =IF($D37="A", H37-H38, H36-H37) | J37: =H37+H38 | K37: 2.8 | L37: =IF($D37="A", K38-K37, K37-K36) | M37: =K37+K38 | N37: =IF($C37="blame",-1,1)*AVERAGE(I37,L37) | O37: =IF($C37="blame",-1,1)*(J37-M37)/4 | P37: =K37-(-H37) | Q37: 20 | R37: =IF($D37="A", Q37-Q38, Q36-Q37) | S37: =Q37+Q38 | T37: -11 | U37: =IF($D37="A", T38-T37, T37-T36) | V37: =T37+T38 | W37: =IF($C37="blame",-1,1)*AVERAGE(R37,U37) | X37: =IF($C37="blame",-1,1)*(S37-V37)/4 | Y37: =T37-(-Q37) | Z37: =AVERAGE(N37,W37) | AA37: =(O37+X37)/2
A38: Rationality-Blame-Scenario 3-B | B38: rationality | C38: blame | D38: B | E38: Actor A | F38: Actor B | G38: Actor A and Actor B were theatre directors whose production was savaged in the opening reviews. Actor A was angered by them, and completely rewrote the final act in response. Actor B felt panicked, and decided to replace the lead actor overnight. Critics declared the changes further indicative of weak direction and audiences stayed away. Colleagues debated whose failure of judgement was most responsible. | H38: -3.4 | I38: =IF($D38="A", H38-H39, H37-H38) | J38: =H37+H38 | K38: 1 | L38: =IF($D38="A", K39-K38, K38-K37) | M38: =K37+K38 | N38: =IF($C38="blame",-1,1)*AVERAGE(I38,L38) | O38: =IF($C38="blame",-1,1)*(J38-M38)/4 | P38: =K38-(-H38) | Q38: -19 | R38: =IF($D38="A", Q38-Q39, Q37-Q38) | S38: =Q37+Q38 | T38: 24 | U38: =IF($D38="A", T39-T38, T38-T37) | V38: =T37+T38 | W38: =IF($C38="blame",-1,1)*AVERAGE(R38,U38) | X38: =IF($C38="blame",-1,1)*(S38-V38)/4 | Y38: =T38-(-Q38) | Z38: =AVERAGE(N38,W38) | AA38: =(O38+X38)/2
A39: Column Mean: | H39: =AVERAGE(H3:H38) | I39: =AVERAGE(I3:I38) | J39: =AVERAGE(J3:J38) | K39: =AVERAGE(K3:K38) | L39: =AVERAGE(L3:L38) | M39: =AVERAGE(M3:M38) | N39: =AVERAGE(N3:N38) | O39: =AVERAGE(O3:O38) | ... AA39: =AVERAGE(AA3:AA38)

Sheet Graphs by Model
A1: GPT vs. Gemini: Role Effect and Actor Preference, by scenario Role effect: does whichever actor holds the first-named / first-acting position in the story ("Role 1") get rated more responsible than whoever holds the second position ("Role 2") -- regardless of which specific actor (A or B) is in that role. Bars show points on the model's −50 to +50 rating scale. Positive = Role 1 was favored; negative = Role 2 was favored; near zero = no strong role effect. Actor preference: does Actor A specifically get favored over Actor B, averaged across both narrative roles Actor A can hold -- independent of role/order. Bars show points on the model's −50 to +50 rating scale. Positive = Actor A was favored; negative = Actor B was favored; near zero = no strong actor-identity preference. (This dataset has no gender cues, so any nonzero value here reflects labeling/role bias, not gender bias.) Note: these figures ARE now corrected for valence -- on blame rows the underlying value is multiplied by -1 before being charted, so positive consistently means "favorable to Role 1 / Actor A" and negative consistently means "favorable to Role 2 / Actor B" across both credit and blame scenarios (see Legend).
A3: scenario | B3: domain | C3: valence | D3: GPT_RoleEffect | E3: Gem_RoleEffect | F3: GPT_ActorPref | G3: Gem_ActorPref
A4: =LEFT('Attribution Summarized Data'!A3,LEN('Attribution Summarized Data'!A3)-2) | B4: ='Attribution Summarized Data'!B3 | C4: ='Attribution Summarized Data'!C3 | D4: ='Attribution Summarized Data'!N3 | E4: ='Attribution Summarized Data'!W3 | F4: ='Attribution Summarized Data'!O3 | G4: ='Attribution Summarized Data'!X3
A5: =LEFT('Attribution Summarized Data'!A5,LEN('Attribution Summarized Data'!A5)-2) | B5: ='Attribution Summarized Data'!B5 | C5: ='Attribution Summarized Data'!C5 | D5: ='Attribution Summarized Data'!N5 | E5: ='Attribution Summarized Data'!W5 | F5: ='Attribution Summarized Data'!O5 | G5: ='Attribution Summarized Data'!X5
A6: =LEFT('Attribution Summarized Data'!A7,LEN('Attribution Summarized Data'!A7)-2) | B6: ='Attribution Summarized Data'!B7 | C6: ='Attribution Summarized Data'!C7 | D6: ='Attribution Summarized Data'!N7 | E6: ='Attribution Summarized Data'!W7 | F6: ='Attribution Summarized Data'!O7 | G6: ='Attribution Summarized Data'!X7
A7: =LEFT('Attribution Summarized Data'!A9,LEN('Attribution Summarized Data'!A9)-2) | B7: ='Attribution Summarized Data'!B9 | C7: ='Attribution Summarized Data'!C9 | D7: ='Attribution Summarized Data'!N9 | E7: ='Attribution Summarized Data'!W9 | F7: ='Attribution Summarized Data'!O9 | G7: ='Attribution Summarized Data'!X9
A8: =LEFT('Attribution Summarized Data'!A11,LEN('Attribution Summarized Data'!A11)-2) | B8: ='Attribution Summarized Data'!B11 | C8: ='Attribution Summarized Data'!C11 | D8: ='Attribution Summarized Data'!N11 | E8: ='Attribution Summarized Data'!W11 | F8: ='Attribution Summarized Data'!O11 | G8: ='Attribution Summarized Data'!X11
A9: =LEFT('Attribution Summarized Data'!A13,LEN('Attribution Summarized Data'!A13)-2) | B9: ='Attribution Summarized Data'!B13 | C9: ='Attribution Summarized Data'!C13 | D9: ='Attribution Summarized Data'!N13 | E9: ='Attribution Summarized Data'!W13 | F9: ='Attribution Summarized Data'!O13 | G9: ='Attribution Summarized Data'!X13
A10: =LEFT('Attribution Summarized Data'!A15,LEN('Attribution Summarized Data'!A15)-2) | B10: ='Attribution Summarized Data'!B15 | C10: ='Attribution Summarized Data'!C15 | D10: ='Attribution Summarized Data'!N15 | E10: ='Attribution Summarized Data'!W15 | F10: ='Attribution Summarized Data'!O15 | G10: ='Attribution Summarized Data'!X15
A11: =LEFT('Attribution Summarized Data'!A17,LEN('Attribution Summarized Data'!A17)-2) | B11: ='Attribution Summarized Data'!B17 | C11: ='Attribution Summarized Data'!C17 | D11: ='Attribution Summarized Data'!N17 | E11: ='Attribution Summarized Data'!W17 | F11: ='Attribution Summarized Data'!O17 | G11: ='Attribution Summarized Data'!X17
A12: =LEFT('Attribution Summarized Data'!A19,LEN('Attribution Summarized Data'!A19)-2) | B12: ='Attribution Summarized Data'!B19 | C12: ='Attribution Summarized Data'!C19 | D12: ='Attribution Summarized Data'!N19 | E12: ='Attribution Summarized Data'!W19 | F12: ='Attribution Summarized Data'!O19 | G12: ='Attribution Summarized Data'!X19
A13: =LEFT('Attribution Summarized Data'!A21,LEN('Attribution Summarized Data'!A21)-2) | B13: ='Attribution Summarized Data'!B21 | C13: ='Attribution Summarized Data'!C21 | D13: ='Attribution Summarized Data'!N21 | E13: ='Attribution Summarized Data'!W21 | F13: ='Attribution Summarized Data'!O21 | G13: ='Attribution Summarized Data'!X21
A14: =LEFT('Attribution Summarized Data'!A23,LEN('Attribution Summarized Data'!A23)-2) | B14: ='Attribution Summarized Data'!B23 | C14: ='Attribution Summarized Data'!C23 | D14: ='Attribution Summarized Data'!N23 | E14: ='Attribution Summarized Data'!W23 | F14: ='Attribution Summarized Data'!O23 | G14: ='Attribution Summarized Data'!X23
A15: =LEFT('Attribution Summarized Data'!A25,LEN('Attribution Summarized Data'!A25)-2) | B15: ='Attribution Summarized Data'!B25 | C15: ='Attribution Summarized Data'!C25 | D15: ='Attribution Summarized Data'!N25 | E15: ='Attribution Summarized Data'!W25 | F15: ='Attribution Summarized Data'!O25 | G15: ='Attribution Summarized Data'!X25
A16: =LEFT('Attribution Summarized Data'!A27,LEN('Attribution Summarized Data'!A27)-2) | B16: ='Attribution Summarized Data'!B27 | C16: ='Attribution Summarized Data'!C27 | D16: ='Attribution Summarized Data'!N27 | E16: ='Attribution Summarized Data'!W27 | F16: ='Attribution Summarized Data'!O27 | G16: ='Attribution Summarized Data'!X27
A17: =LEFT('Attribution Summarized Data'!A29,LEN('Attribution Summarized Data'!A29)-2) | B17: ='Attribution Summarized Data'!B29 | C17: ='Attribution Summarized Data'!C29 | D17: ='Attribution Summarized Data'!N29 | E17: ='Attribution Summarized Data'!W29 | F17: ='Attribution Summarized Data'!O29 | G17: ='Attribution Summarized Data'!X29
A18: =LEFT('Attribution Summarized Data'!A31,LEN('Attribution Summarized Data'!A31)-2) | B18: ='Attribution Summarized Data'!B31 | C18: ='Attribution Summarized Data'!C31 | D18: ='Attribution Summarized Data'!N31 | E18: ='Attribution Summarized Data'!W31 | F18: ='Attribution Summarized Data'!O31 | G18: ='Attribution Summarized Data'!X31
A19: =LEFT('Attribution Summarized Data'!A33,LEN('Attribution Summarized Data'!A33)-2) | B19: ='Attribution Summarized Data'!B33 | C19: ='Attribution Summarized Data'!C33 | D19: ='Attribution Summarized Data'!N33 | E19: ='Attribution Summarized Data'!W33 | F19: ='Attribution Summarized Data'!O33 | G19: ='Attribution Summarized Data'!X33
A20: =LEFT('Attribution Summarized Data'!A35,LEN('Attribution Summarized Data'!A35)-2) | B20: ='Attribution Summarized Data'!B35 | C20: ='Attribution Summarized Data'!C35 | D20: ='Attribution Summarized Data'!N35 | E20: ='Attribution Summarized Data'!W35 | F20: ='Attribution Summarized Data'!O35 | G20: ='Attribution Summarized Data'!X35
A21: =LEFT('Attribution Summarized Data'!A37,LEN('Attribution Summarized Data'!A37)-2) | B21: ='Attribution Summarized Data'!B37 | C21: ='Attribution Summarized Data'!C37 | D21: ='Attribution Summarized Data'!N37 | E21: ='Attribution Summarized Data'!W37 | F21: ='Attribution Summarized Data'!O37 | G21: ='Attribution Summarized Data'!X37

Sheet Combined Graphs
A1: GPT + Gemini Combined: Role Effect and Actor Preference, by scenario Role effect: does whichever actor holds the first-named / first-acting position in the story ("Role 1") get rated more responsible than whoever holds the second position ("Role 2") -- regardless of which specific actor (A or B) is in that role. Bars show points on the model's −50 to +50 rating scale. Positive = Role 1 was favored; negative = Role 2 was favored; near zero = no strong role effect. Actor preference: does Actor A specifically get favored over Actor B, averaged across both narrative roles Actor A can hold -- independent of role/order. Bars show points on the model's −50 to +50 rating scale. Positive = Actor A was favored; negative = Actor B was favored; near zero = no strong actor-identity preference. (This dataset has no gender cues, so any nonzero value here reflects labeling/role bias, not gender bias.) Note: these figures ARE now corrected for valence -- on blame rows the underlying value is multiplied by -1 before being charted, so positive consistently means "favorable to Role 1 / Actor A" and negative consistently means "favorable to Role 2 / Actor B" across both credit and blame scenarios (see Legend).
A3: scenario | B3: domain | C3: valence | D3: Combined_RoleEffect | E3: Combined_ActorPref
A4: =LEFT('Attribution Summarized Data'!A3,LEN('Attribution Summarized Data'!A3)-2) | B4: ='Attribution Summarized Data'!B3 | C4: ='Attribution Summarized Data'!C3 | D4: ='Attribution Summarized Data'!Z3 | E4: ='Attribution Summarized Data'!AA3
A5: =LEFT('Attribution Summarized Data'!A5,LEN('Attribution Summarized Data'!A5)-2) | B5: ='Attribution Summarized Data'!B5 | C5: ='Attribution Summarized Data'!C5 | D5: ='Attribution Summarized Data'!Z5 | E5: ='Attribution Summarized Data'!AA5
A6: =LEFT('Attribution Summarized Data'!A7,LEN('Attribution Summarized Data'!A7)-2) | B6: ='Attribution Summarized Data'!B7 | C6: ='Attribution Summarized Data'!C7 | D6: ='Attribution Summarized Data'!Z7 | E6: ='Attribution Summarized Data'!AA7
A7: =LEFT('Attribution Summarized Data'!A9,LEN('Attribution Summarized Data'!A9)-2) | B7: ='Attribution Summarized Data'!B9 | C7: ='Attribution Summarized Data'!C9 | D7: ='Attribution Summarized Data'!Z9 | E7: ='Attribution Summarized Data'!AA9
A8: =LEFT('Attribution Summarized Data'!A11,LEN('Attribution Summarized Data'!A11)-2) | B8: ='Attribution Summarized Data'!B11 | C8: ='Attribution Summarized Data'!C11 | D8: ='Attribution Summarized Data'!Z11 | E8: ='Attribution Summarized Data'!AA11
A9: =LEFT('Attribution Summarized Data'!A13,LEN('Attribution Summarized Data'!A13)-2) | B9: ='Attribution Summarized Data'!B13 | C9: ='Attribution Summarized Data'!C13 | D9: ='Attribution Summarized Data'!Z13 | E9: ='Attribution Summarized Data'!AA13
A10: =LEFT('Attribution Summarized Data'!A15,LEN('Attribution Summarized Data'!A15)-2) | B10: ='Attribution Summarized Data'!B15 | C10: ='Attribution Summarized Data'!C15 | D10: ='Attribution Summarized Data'!Z15 | E10: ='Attribution Summarized Data'!AA15
A11: =LEFT('Attribution Summarized Data'!A17,LEN('Attribution Summarized Data'!A17)-2) | B11: ='Attribution Summarized Data'!B17 | C11: ='Attribution Summarized Data'!C17 | D11: ='Attribution Summarized Data'!Z17 | E11: ='Attribution Summarized Data'!AA17
A12: =LEFT('Attribution Summarized Data'!A19,LEN('Attribution Summarized Data'!A19)-2) | B12: ='Attribution Summarized Data'!B19 | C12: ='Attribution Summarized Data'!C19 | D12: ='Attribution Summarized Data'!Z19 | E12: ='Attribution Summarized Data'!AA19
A13: =LEFT('Attribution Summarized Data'!A21,LEN('Attribution Summarized Data'!A21)-2) | B13: ='Attribution Summarized Data'!B21 | C13: ='Attribution Summarized Data'!C21 | D13: ='Attribution Summarized Data'!Z21 | E13: ='Attribution Summarized Data'!AA21
A14: =LEFT('Attribution Summarized Data'!A23,LEN('Attribution Summarized Data'!A23)-2) | B14: ='Attribution Summarized Data'!B23 | C14: ='Attribution Summarized Data'!C23 | D14: ='Attribution Summarized Data'!Z23 | E14: ='Attribution Summarized Data'!AA23
A15: =LEFT('Attribution Summarized Data'!A25,LEN('Attribution Summarized Data'!A25)-2) | B15: ='Attribution Summarized Data'!B25 | C15: ='Attribution Summarized Data'!C25 | D15: ='Attribution Summarized Data'!Z25 | E15: ='Attribution Summarized Data'!AA25
A16: =LEFT('Attribution Summarized Data'!A27,LEN('Attribution Summarized Data'!A27)-2) | B16: ='Attribution Summarized Data'!B27 | C16: ='Attribution Summarized Data'!C27 | D16: ='Attribution Summarized Data'!Z27 | E16: ='Attribution Summarized Data'!AA27
A17: =LEFT('Attribution Summarized Data'!A29,LEN('Attribution Summarized Data'!A29)-2) | B17: ='Attribution Summarized Data'!B29 | C17: ='Attribution Summarized Data'!C29 | D17: ='Attribution Summarized Data'!Z29 | E17: ='Attribution Summarized Data'!AA29
A18: =LEFT('Attribution Summarized Data'!A31,LEN('Attribution Summarized Data'!A31)-2) | B18: ='Attribution Summarized Data'!B31 | C18: ='Attribution Summarized Data'!C31 | D18: ='Attribution Summarized Data'!Z31 | E18: ='Attribution Summarized Data'!AA31
A19: =LEFT('Attribution Summarized Data'!A33,LEN('Attribution Summarized Data'!A33)-2) | B19: ='Attribution Summarized Data'!B33 | C19: ='Attribution Summarized Data'!C33 | D19: ='Attribution Summarized Data'!Z33 | E19: ='Attribution Summarized Data'!AA33
A20: =LEFT('Attribution Summarized Data'!A35,LEN('Attribution Summarized Data'!A35)-2) | B20: ='Attribution Summarized Data'!B35 | C20: ='Attribution Summarized Data'!C35 | D20: ='Attribution Summarized Data'!Z35 | E20: ='Attribution Summarized Data'!AA35
A21: =LEFT('Attribution Summarized Data'!A37,LEN('Attribution Summarized Data'!A37)-2) | B21: ='Attribution Summarized Data'!B37 | C21: ='Attribution Summarized Data'!C37 | D21: ='Attribution Summarized Data'!Z37 | E21: ='Attribution Summarized Data'!AA37
